date,acwi
1987-12,10000
1988-01,10412.14672663668
1988-02,11284.430349220793
1988-03,11160.568772504088
1988-04,11033.364029389839
1988-05,10868.325092270661
1988-06,11426.294642053128
1988-07,12129.971028092194
1988-08,11524.40445623342
1988-09,12111.564655581946
1988-10,12500.060455486542
1988-11,12423.705302737073
1988-12,12419.473151495233
1989-01,13247.329401815412
1989-02,13321.536580358157
1989-03,13557.498307458853
1989-04,14001.69623706491
1989-05,14259.18959955847
1989-06,14764.763219575014
1989-07,15687.90686009343
1989-08,15627.5415313225
1989-09,16338.404937957363
1989-10,15654.477308806852
1989-11,16423.61480351011
1989-12,16709.493015972435
1990-01,15414.108139534883
1990-02,14376.151406167088
1990-03,14083.27977839335
1990-04,13798.660151478132
1990-05,14875.163085727912
1990-06,14491.0720224522
1990-07,13833.419913802629
1990-08,11929.858854467993
1990-09,10807.863530914123
1990-10,11400.861019736842
1990-11,11103.61478464515
1990-12,11592.835423279046
1991-01,11942.689796340326
1991-02,12869.571284557811
1991-03,13490.58789941803
1991-04,14161.728844944846
1991-05,14718.349599721543
1991-06,14441.722204037096
1991-07,15115.038091200871
1991-08,14790.790570631198
1991-09,14795.007888792352
1991-10,15082.213684638149
1991-11,13974.96695886716
1991-12,14621.692381786339
1992-01,14548.007960199
1992-02,14579.685723928447
1992-03,14367.081656804728
1992-04,14287.877399521802
1992-05,14401.787366675873
1992-06,13546.882087219015
1992-07,13146.532450331122
1992-08,13263.55220747144
1992-09,13840.643639317625
1992-10,15083.589231048458
1992-11,16601.139219282155
1992-12,16496.69570599613
1993-01,16754.9106949429
1993-02,18256.874192427927
1993-03,19012.788834918243
1993-04,18808.332491745965
1993-05,19212.857375460364
1993-06,19588.11892321973
1993-07,20164.125015045134
1993-08,21178.347646506634
1993-09,20367.108604407134
1993-10,21284.344485122805
1993-11,20470.876823338735
1993-12,21426.13397706698
1994-01,22831.75243583729
1994-02,22701.006165494862
1994-03,21496.45976271868
1994-04,22224.05925925926
1994-05,22029.61148783406
1994-06,21606.609356571873
1994-07,21792.12599728454
1994-08,22634.21636623006
1994-09,21765.417482919354
1994-10,21763.220916334656
1994-11,21043.398137427634
1994-12,21530.02230063514
1995-01,20878.935501079635
1995-02,21136.832977099228
1995-03,21715.428571428565
1995-04,22405.843638399798
1995-05,22937.188862290535
1995-06,22835.804063205414
1995-07,23934.672216649946
1995-08,23834.97870819505
1995-09,24613.254958306603
1995-10,23911.97434564928
1995-11,24907.2611328
1995-12,26023.687478091528
1996-01,26805.772370486655
1996-02,26791.205625
1996-03,27362.18201820444
1996-04,28235.538047493403
1996-05,28279.654593453004
1996-06,27947.803217436423
1996-07,26706.485717965224
1996-08,27089.933337634684
1996-09,27920.954479574164
1996-10,27555.472533568678
1996-11,27701.4297780184
1996-12,27273.94877095979
1997-01,27821.798492613805
1997-02,28771.874999999996
1997-03,28476.606560636174
1997-04,29035.861977536366
1997-05,30713.688714618303
1997-06,32036.07543315703
1997-07,32993.22151671258
1997-08,31939.16228250702
1997-09,33688.72760881783
1997-10,31067.761910594
1997-11,30499.021801172355
1997-12,31443.084991263477
1998-01,32620.758605504576
1998-02,34729.143832276925
1998-03,35751.22979722005
1998-04,35861.889852299224
1998-05,35913.7828348187
1998-06,36290.554726127
1998-07,36450.386128855636
1998-08,31525.81725614979
1998-09,31233.63851869463
1998-10,33842.72974504249
1998-11,36616.95560772981
1998-12,38095.037969834804
1999-01,39009.18234741276
1999-02,39081.62786135538
1999-03,40608.92305769517
1999-04,42350.100421856
1999-05,41108.36079445761
1999-06,43951.03352531934
1999-07,42498.79312798147
1999-08,42848.96190851367
1999-09,41319.40379098454
1999-10,43731.591881926215
1999-11,46183.68952635456
1999-12,49426.53497923057
2000-01,46666.20152350284
2000-02,47874.86221228733
2000-03,50621.72158354489
2000-04,49219.26156002623
2000-05,50301.22516942666
2000-06,51426.37470904444
2000-07,50430.97506429225
2000-08,53555.864202193996
2000-09,50044.748981261684
2000-10,49741.32712194907
2000-11,47708.67754667996
2000-12,46103.17880442796
2001-01,48285.392140334305
2001-02,44577.48313489269
2001-03,42205.89766896767
2001-04,45077.46270350116
2001-05,44984.53825544767
2001-06,44029.767588404335
2001-07,42754.133618710584
2001-08,39895.74098484084
2001-09,35982.650275086795
2001-10,37067.20739272378
2001-11,40144.492262557505
2001-12,39908.132469044554
2002-01,39774.812696584355
2002-02,39421.9727497168
2002-03,40981.12281496661
2002-04,38795.69696231672
2002-05,38589.324793307016
2002-06,34593.55865999933
2002-07,31135.827543681116
2002-08,31508.986319252544
2002-09,27725.128148376058
2002-10,29901.206691124364
2002-11,31678.479124158697
2002-12,29048.42295883246
2003-01,27561.40749715288
2003-02,28344.458589191967
2003-03,28165.0021626225
2003-04,30351.96641907053
2003-05,31221.476309588645
2003-06,31713.30520581032
2003-07,33140.028761366186
2003-08,34675.09277488576
2003-09,33008.769686380714
2003-10,34483.56508368244
2003-11,34459.83401536753
2003-12,35183.98214916218
2004-01,35451.76477099539
2004-02,35239.22916499339
2004-03,35389.96415582249
2004-04,35793.73036148652
2004-05,34883.26821905551
2004-06,36036.51524343327
2004-07,34798.882014856004
2004-08,35497.134989264436
2004-09,35966.35971234459
2004-10,36367.52784865444
2004-11,36805.18443918872
2004-12,37777.33589973004
2005-01,37887.555139948185
2005-02,38480.137239631666
2005-03,38428.77691939747
2005-04,37025.967963767274
2005-05,39637.83111687285
2005-06,40672.813828392544
2005-07,43128.92794270757
2005-08,42702.08414120595
2005-09,44506.80154721451
2005-10,43047.605088755845
2005-11,45971.25922465037
2005-12,47218.45911528448
2006-01,48170.3165604546
2006-02,48766.530004046675
2006-03,50078.983014429796
2006-04,49825.25398245066
2006-05,46112.84102619598
2006-06,47095.78396091294
2006-07,46695.982535499425
2006-08,46907.125478584065
2006-09,48440.024933667715
2006-10,49443.36990486058
2006-11,49344.19890678207
2006-12,50366.4794011699
2007-01,51091.305730294014
2007-02,50634.920375658454
2007-03,51724.57658867089
2007-04,53134.95829966666
2007-05,55167.842133196515
2007-06,54325.90406906268
2007-07,52720.30931391883
2007-08,52912.77221449479
2007-09,55404.39732831448
2007-10,56549.52149101975
2007-11,54231.34767931279
2007-12,55206.34942710145
2008-01,51171.54248123828
2008-02,51512.98516527546
2008-03,50656.588275865375
2008-04,54069.775572799415
2008-05,54800.3464157481
2008-06,49895.19038872982
2008-07,48887.15869723038
2008-08,51731.254623370856
2008-09,45802.295876111115
2008-10,41012.72365434777
2008-11,40534.981412898516
2008-12,44108.071847397965
2009-01,41305.606481656105
2009-02,37594.09756368041
2009-03,40312.907056363794
2009-04,43401.3025710425
2009-05,43958.3443899886
2009-06,42578.814173824874
2009-07,46519.04552866325
2009-08,49186.70724150454
2009-09,51745.849644864196
2009-10,49553.95636852623
2009-11,51860.674995863636
2009-12,53797.183604496524
2010-01,51816.118890362835
2010-02,55657.70858170363
2010-03,59472.008811095824
2010-04,59014.88671686213
2010-05,56410.980334261265
2010-06,52837.97282092407
2010-07,54982.307205701196
2010-08,53879.15882421769
2010-09,57202.3326669118
2010-10,58974.52609245161
2010-11,59307.66956995928
2010-12,63641.82170162189
2011-01,63107.7253667977
2011-02,63699.36090746616
2011-03,64236.932983301325
2011-04,64541.19200307239
2011-05,63862.515241394976
2011-06,64774.110774798166
2011-07,62620.33815302785
2011-08,58012.30807106356
2011-09,55038.80484904266
2011-10,59220.02367251672
2011-11,58785.78242965866
2011-12,59401.96462311818
2012-01,61726.844719062174
2012-02,64245.25358256296
2012-03,64353.14886241171
2012-04,62726.48283223019
2012-05,59918.60383748505
2012-06,62507.91616393405
2012-07,63123.28963278416
2012-08,63760.26391106599
2012-09,64397.88258367415
2012-10,64345.170965241785
2012-11,65586.12296283523
2012-12,66477.32524544922
2013-01,71125.84665626143
2013-02,73942.53462257114
2013-03,75678.59629722692
2013-04,76183.17594848604
2013-05,77270.4526367585
2013-06,74929.14988349832
2013-07,78858.02771530456
2013-08,75747.54519795757
2013-09,76459.14139613505
2013-10,80089.1366100678
2013-11,79764.88752062849
2013-12,80200.47395030808
2014-01,77413.15116249824
2014-02,79919.734475722
2014-03,80653.158259369
2014-04,80589.71060246581
2014-05,82836.18891592864
2014-06,82916.46404011629
2014-07,82736.62216464951
2014-08,86094.07625721894
2014-09,85365.42047527833
2014-10,87163.44263387407
2014-11,90203.22091870953
2014-12,89116.7719843048
2015-01,90868.73798174414
2015-02,93529.77117627859
2015-03,96189.3769805103
2015-04,94922.72660726622
2015-05,95963.8038923434
2015-06,90940.7006005337
2015-07,92660.38999756146
2015-08,87246.34817899654
2015-09,85484.11697621114
2015-10,91195.22067516501
2015-11,92470.84794258735
2015-12,91923.01435191218
2016-01,89678.14769286657
2016-02,91911.19082101564
2016-03,95164.8725117974
2016-04,95096.02231945602
2016-05,95126.39920673687
2016-06,103109.04540780144
2016-07,109752.89324738414
2016-08,110516.53068105197
2016-09,112649.62632446211
2016-10,118117.46133511578
2016-11,116022.4575767369
2016-12,120148.6312643474
2017-01,121691.32372790934
2017-02,125845.22215625296
2017-03,126715.24425944845
2017-04,124343.59166291059
2017-05,128142.47710897181
2017-06,127446.2098242557
2017-07,129690.69402523413
2017-08,132859.5085072634
2017-09,130094.94822797955
2017-10,134247.18830398677
2017-11,134671.40228921262
2017-12,136378.73303775783
2018-01,137462.3216447684
2018-02,135135.3461668202
2018-03,129802.01673715001
2018-04,134460.16260739884
2018-05,138677.81759323867
2018-06,139928.15076284675
2018-07,144229.2832995877
2018-08,147341.81458735827
2018-09,147325.6192182947
2018-10,139649.67230348734
2018-11,141556.5657030389
2018-12,131161.67293849052
2019-01,138132.91225467407
2019-02,139943.3984863857
2019-03,144066.2758867129
2019-04,149959.5931048972
2019-05,146063.90091112294
2019-06,154217.98382155146
2019-07,161366.41140921888
2019-08,157415.59080826756
2019-09,159386.34062841636
2019-10,155493.36615279503
2019-11,160145.29582369988
2019-12,161855.2693243653
2020-01,161013.55475298606
2020-02,151101.60541019845
2020-03,136156.4053500277
2020-04,148941.7053071147
2020-05,157441.48845910528
2020-06,163713.07915682753
2020-07,160851.22864398055
2020-08,168598.21889177512
2020-09,169486.91352822562
2020-10,163686.06962685843
2020-11,178871.0083067901
2020-12,182919.33344543507
2021-01,181044.01276789588
2021-02,182729.11191612657
2021-03,189936.00052878255
2021-04,196194.83186069777
2021-05,195477.47446589035
2021-06,202910.55440426862
2021-07,202664.22063211352
2021-08,210603.3360298061
2021-09,206869.91215889188
2021-10,212321.91576462518
2021-11,214134.89495381864
2021-12,220492.1258268487
2022-01,210682.9702777853
2022-02,205492.85848744557
2022-03,214569.98475348242
2022-04,206297.37807332794
2022-05,206328.6422259397
2022-06,196515.09398209676
2022-07,209637.64357701488
2022-08,211017.0051204177
2022-09,200995.99837571158
2022-10,204420.72232167594
2022-11,211469.90835454848
2022-12,202747.2413898195
2023-01,212484.33314031307
2023-02,209740.3634345558
2023-03,211787.4072288049
2023-04,213172.0028326889
2023-05,212874.9908710744
2023-06,220054.48433777245
2023-07,224760.74993726294
2023-08,221565.14161019694
2023-09,219859.1968849373
2023-10,215030.5265167692
2023-11,225664.84161636117
2023-12,235490.67270535088
2024-01,237492.45154107822
2024-02,248661.70269706426
2024-03,256527.5924598206
2024-04,250233.2747629346
2024-05,256996.88194906802
2024-06,264153.48220482655
2024-07,264627.52789434115
2024-08,264451.2373891564
2024-09,266535.3817740206
2024-10,268521.69750261895
2024-11,284459.14184828085
2024-12,282300.2486921554
2025-01,293057.7380884051
2025-02,287683.6951559475
2025-03,269024.13918177725
2025-04,263103.196366685
2025-05,275126.80360547936
2025-06,282753.33312840987
2025-07,297154.0970415747
2025-08,298394.58059943875
2025-09,310370.14808777097
2025-10,326062.9814505103
2025-11,321889.07515398983
2025-12,320444.2506495913
2026-01,323338.94519083295
2026-02,333825.76048063475
2026-03,314627.80152146786
2026-04,339659.88436210324
2026-05,359458.4569609379
